INSERT INTO t_user (login_name, password, user_name, email, provider, image_url, phone)
VALUES ('admin', '$2a$10$nmDeMn0Psn1BucCKrcAVOeEYmlF4biPG3YIYiaO9E.VeD8PeUJ3dK', 'admin', 'z15168385776@gmail.com', 'local', 'https://s3.us-west-2.amazonaws.com/stamped.io/uploads/account/25792/meta/launcher_logo_image.jpg', '07536967374');

INSERT INTO t_role (role_name, role_code, creator_id) VALUES ('ADMIN', 'ROLE_ADMIN', 1);
INSERT INTO t_role (role_name, role_code, creator_id) VALUES ('STAFF', 'ROLE_STAFF', 1);
INSERT INTO t_role (role_name, role_code, creator_id) VALUES ('USER', 'ROLE_USER', 1);

INSERT INTO t_user_role (user_id, role_id, creator_id) VALUES (1, 1, 1);
INSERT INTO t_user_role (user_id, role_id, creator_id) VALUES (1, 2, 1);
INSERT INTO t_user_role (user_id, role_id, creator_id) VALUES (1, 3, 1);

--
INSERT INTO T_BRAND (ID, NAME, IMAGE_URL, BRAND_VALUE, CREATOR_ID, LAST_OPERATOR_ID) VALUES ( 1, 'Apple', 'https://ewaste.oss-eu-west-1.aliyuncs.com/2024/04/27/8a53dfa78b28469795db54e72751c1f4file.png', 0, 1, 1 );
INSERT INTO T_BRAND (ID, NAME, IMAGE_URL, BRAND_VALUE, CREATOR_ID, LAST_OPERATOR_ID) VALUES ( 2, 'Samsung', 'https://ewaste.oss-eu-west-1.aliyuncs.com/2024/04/27/62183136febb434c8e17be22de6cfef2file.png', 0, 1, 1 );
INSERT INTO T_BRAND (ID, NAME, IMAGE_URL, BRAND_VALUE, CREATOR_ID, LAST_OPERATOR_ID) VALUES ( 3, 'Google', 'https://ewaste.oss-eu-west-1.aliyuncs.com/2024/04/27/f4a7a8a875654df9af538950277efe4ffile.png', 1, 1, 1 );

INSERT INTO T_SERIES (ID, BRAND_ID, NAME, IMAGE_URL, SERIES_VALUE, EXPECTED_VALUE, CREATOR_ID, LAST_OPERATOR_ID) VALUES ( 1, 1, 'iPhone15', 'https://ewaste.oss-eu-west-1.aliyuncs.com/2024/04/25/3a369433988b40c59dabb145b491959761eEYLATF9L._AC_UF1000,1000_QL80_.png', 0, 799.00, 1, 1);
INSERT INTO T_SERIES (ID, BRAND_ID, NAME, IMAGE_URL, SERIES_VALUE, EXPECTED_VALUE, CREATOR_ID, LAST_OPERATOR_ID) VALUES ( 2, 2, 'S24', 'https://ewaste.oss-eu-west-1.aliyuncs.com/2024/04/25/0b228898db5946b9b2fbb8383cc43249Screenshot 2024-04-25 145123.png', 0, 799.00, 1, 1);
INSERT INTO T_SERIES (ID, BRAND_ID, NAME, IMAGE_URL, SERIES_VALUE, EXPECTED_VALUE, CREATOR_ID, LAST_OPERATOR_ID) VALUES ( 3, 3, 'Pixel 4', 'https://ewaste.oss-eu-west-1.aliyuncs.com/2024/04/27/463b3f731b234cc694e658ef73ba9880p4_top.png', 2, 699.00, 1, 1);
INSERT INTO T_SERIES (ID, BRAND_ID, NAME, IMAGE_URL, SERIES_VALUE, EXPECTED_VALUE, CREATOR_ID, LAST_OPERATOR_ID) VALUES ( 4, 1, 'iPhone14', 'https://ewaste.oss-eu-west-1.aliyuncs.com/2024/04/25/3a369433988b40c59dabb145b491959761eEYLATF9L._AC_UF1000,1000_QL80_.png', 1, 799.00, 1, 1);
INSERT INTO T_SERIES (ID, BRAND_ID, NAME, IMAGE_URL, SERIES_VALUE, EXPECTED_VALUE, CREATOR_ID, LAST_OPERATOR_ID) VALUES ( 5, 2, 'Book2', 'https://ewaste.oss-eu-west-1.aliyuncs.com/2024/04/30/0287af1f1e384509a2616af0f245f7dafile.png', 1, 499.00, 1, 1);

INSERT INTO T_STORE (ID, NAME, IMAGE_URL, CREATOR_ID, LAST_OPERATOR_ID) VALUES (1, 'CeX', 'https://ewaste.oss-eu-west-1.aliyuncs.com/2024/04/25/4fa057a93f124f3c9bbc0d53a7c0581cimages.png', 1, 1);
INSERT INTO T_STORE (ID, NAME, IMAGE_URL, CREATOR_ID, LAST_OPERATOR_ID) VALUES (2, 'Music Magpie', 'https://ewaste.oss-eu-west-1.aliyuncs.com/2024/04/30/a7bcdd5003c3490db624830bc1e31e99file.png', 1, 1);

INSERT INTO T_STORE_PRODUCTV2 (ID, STORE_ID, BRAND_ID, SERIES_ID, EXPECTED_VALUE, CREATOR_ID, LAST_OPERATOR_ID) VALUES ( 1, 1, 1, 1, 365.00, 1, 1);
INSERT INTO T_STORE_PRODUCTV2 (ID, STORE_ID, BRAND_ID, SERIES_ID, EXPECTED_VALUE, CREATOR_ID, LAST_OPERATOR_ID) VALUES ( 2, 2, 1, 1, 465.00, 1, 1);
INSERT INTO T_STORE_PRODUCTV2 (ID, STORE_ID, BRAND_ID, SERIES_ID, EXPECTED_VALUE, CREATOR_ID, LAST_OPERATOR_ID) VALUES ( 3, 1, 2, 2, 335.00, 1, 1);
INSERT INTO T_STORE_PRODUCTV2 (ID, STORE_ID, BRAND_ID, SERIES_ID, EXPECTED_VALUE, CREATOR_ID, LAST_OPERATOR_ID) VALUES ( 4, 2, 3, 3, 10.00, 1, 1);
INSERT INTO T_STORE_PRODUCTV2 (ID, STORE_ID, BRAND_ID, SERIES_ID, EXPECTED_VALUE, CREATOR_ID, LAST_OPERATOR_ID) VALUES ( 5, 1, 3, 3, 71.00, 1, 1);
INSERT INTO T_STORE_PRODUCTV2 (ID, STORE_ID, BRAND_ID, SERIES_ID, EXPECTED_VALUE, CREATOR_ID, LAST_OPERATOR_ID) VALUES ( 6, 1, 1, 4, 225.00, 1, 1);
INSERT INTO T_STORE_PRODUCTV2 (ID, STORE_ID, BRAND_ID, SERIES_ID, EXPECTED_VALUE, CREATOR_ID, LAST_OPERATOR_ID) VALUES ( 7, 2, 1, 5, 392.00, 1, 1);
INSERT INTO T_STORE_PRODUCTV2 (ID, STORE_ID, BRAND_ID, SERIES_ID, EXPECTED_VALUE, CREATOR_ID, LAST_OPERATOR_ID) VALUES ( 8, 1, 1, 6, 995.00, 1, 1);
INSERT INTO T_STORE_PRODUCTV2 (ID, STORE_ID, BRAND_ID, SERIES_ID, EXPECTED_VALUE, CREATOR_ID, LAST_OPERATOR_ID) VALUES ( 9, 1, 2, 5, 197.00, 1, 1);
INSERT INTO T_STORE_PRODUCTV2 (ID, STORE_ID, BRAND_ID, SERIES_ID, EXPECTED_VALUE, CREATOR_ID, LAST_OPERATOR_ID) VALUES ( 10, 2, 1, 6, 665.00, 1, 1);
